[
	{
        "userName": "newcoadmin",
        "hash" : "97W8iscSD0S3bfFoDjvX33pcnxil1iioDGpSFn+Yj0flQ86R0nlUC6kTuQfn5L+qJndpYgpF/WAsEHjIb1HE8KDEQVduMQFshMwpnP4sJlEVj2BUYx1Kbw6BPySYmBFiJ8ehW+YeMPWGmvhgHkoBQWy0OB9t3u3Rvq1wFDacC74=",
        "firstName": "",
        "lastName": "",
        "email": "",
        "passwordLifetime": "0",
        "resetPassword": "false",
        "loginAttempts": "0",
        "lastLogin": "null",
		"lastLogout": "null",
		"totalLogins": "0",
        "status": "Active",
        "company": "",
		"type": "Context",
        "products": [
            {
                "code": "MobileEcommerce",
                "roles": [
                    "appadmin",
                    "appuser"
                ],
                "settings": {
                    "sms": "",
                    "customer": {
                        "code": "newco",
                        "name": ""
                    },
                    "sales": [""],
                    "timeZone" : {
                        "value" : "",
                        "operator" : "",
                        "hours" : "",
                        "minutes" : ""
                    },
                    "permissions" : {
                        "batchWeights": "false",
                        "truckTimes": "true",
                        "pricing": "false",
                        "mapping": "true",
                        "acctInfo": "false",
                        "docImage": "false",
                        "futureOrderEmail": "true",
                        "changeCustomer": "false",
                        "isAdmin": "false",
						"timeZone" : "true",
						"advancedOrderRequest" : "true",
						"reports" : "true"
                    }
                }
            },
			{
                "code": "Mobileticket",
                "roles": "appadmin",
                "settings" : {
                    "permissions":{
                        "isAdmin" : "true",
						"legalAdmin": "true"
                    }
                }
            },
            {
                "code": "jobsite",
                "roles": [
                    "appadmin",
                    "appuser",
					"ionicadmin"
                ],
                "settings": {
                    "sms": "",
                    "customer": {
                        "code": "newco",
                        "name": ""
                    },
                    "sales": [""],
                    "timeZone" : {
                        "value" : "",
                        "operator" : "",
                        "hours" : "",
                        "minutes" : ""
                    },
                    "permissions" : {
                        "batchWeights": "false",
                        "truckTimes": "true",
                        "pricing": "false",
                        "mapping": "true",
                        "acctInfo": "false",
                        "docImage": "false",
                        "futureOrderEmail": "true",
                        "changeCustomer": "false",
                        "isAdmin": "false",
						"timeZone" : "true",
						"advancedOrderRequest" : "true",
						"reports" : "true"
                    }
                }
            },
			{
				"code": "evoadmin",
				"roles": ["companyadmin"],
				"settings":{}
			}
        ]
    }
]